site,census_year,spei_1,spei_2,spei_3,spei_4,spei_5,spei_6,spei_7,spei_8,spei_9,spei_10,spei_11,spei_12,spei_13,spei_14,spei_15,spei_16,spei_17,spei_18,spei_19,spei_20,spei_21,spei_22,spei_23,spei_24
colosso_clust,1987,NA,NA,NA,NA,NA,NA,NA,NA,NA,NA,NA,NA,NA,NA,NA,NA,NA,NA,NA,NA,NA,NA,NA,NA
colosso_clust,1988,-1.1083298988170045,-1.7457455105201272,NA,NA,NA,NA,NA,NA,NA,NA,NA,NA,NA,NA,NA,NA,NA,NA,NA,NA,NA,NA,NA,NA
colosso_clust,1989,1.4421546940394336,2.1878084109200406,2.003427393250271,0.4572338313686463,-0.708681780567178,-0.4132201314048177,1.1578493169089623,0.8731996667167101,-0.11504441633458717,-1.7071893095119661,-1.0984242702156213,-0.37148832166750284,-1.1083298988170045,-1.7457455105201272,NA,NA,NA,NA,NA,NA,NA,NA,NA,NA
colosso_clust,1990,0.06826955953651515,0.32347737261948295,-0.12130430568489883,-0.7617000549645988,-0.8895613005367691,-0.1402398611651279,1.342222900372513,1.208907483832155,1.0577929078475878,-0.028852542064430133,-0.3759280688291851,0.5772429939664163,1.4421546940394336,2.1878084109200406,2.003427393250271,0.4572338313686463,-0.708681780567178,-0.4132201314048177,1.1578493169089623,0.8731996667167101,-0.11504441633458717,-1.7071893095119661,-1.0984242702156213,-0.37148832166750284
colosso_clust,1991,0.661288427090274,0.38196721567774145,-0.35660298958271697,-0.47488910329302875,0.30862173466095966,-0.062174011277930825,-0.24565729885057022,-0.06430408057833144,0.28897987868242336,0.12366288368583084,-0.18756076392291912,-0.2743719654594017,0.06826955953651515,0.32347737261948295,-0.12130430568489883,-0.7617000549645988,-0.8895613005367691,-0.1402398611651279,1.342222900372513,1.208907483832155,1.0577929078475878,-0.028852542064430133,-0.3759280688291851,0.5772429939664163
colosso_clust,1992,-1.7252521627985096,-1.0467543628067497,-1.002828704227264,0.09401985595755853,0.3853171473256011,0.09749693332508198,-0.052074503789234956,-0.42068721198254233,0.2832911050702003,-0.16534458182196035,0.186721225217609,0.18621258588220682,0.661288427090274,0.38196721567774145,-0.35660298958271697,-0.47488910329302875,0.30862173466095966,-0.062174011277930825,-0.24565729885057022,-0.06430408057833144,0.28897987868242336,0.12366288368583084,-0.18756076392291912,-0.2743719654594017
colosso_clust,1993,0.49359440247458036,-0.27371818017992466,-1.1368950476903021,-0.14321967183196843,-0.01842034776121137,-0.8890939328182226,-2.127288673917684,-2.613485015265997,-1.9692207721935218,-1.2177440435445488,-0.9859379799406376,-1.3280688372542209,-1.7252521627985096,-1.0467543628067497,-1.002828704227264,0.09401985595755853,0.3853171473256011,0.09749693332508198,-0.052074503789234956,-0.42068721198254233,0.2832911050702003,-0.16534458182196035,0.186721225217609,0.18621258588220682
colosso_clust,1994,-0.0012751257557816087,0.43065207657142546,0.35517468112054396,0.10716699127358974,-0.3603351308457136,-0.5399010295797535,-0.9530534637235274,-0.7493210906386235,-0.6974225625048233,0.41847654251805155,0.8629504579924191,0.9695756681620069,0.49359440247458036,-0.27371818017992466,-1.1368950476903021,-0.14321967183196843,-0.01842034776121137,-0.8890939328182226,-2.127288673917684,-2.613485015265997,-1.9692207721935218,-1.2177440435445488,-0.9859379799406376,-1.3280688372542209
colosso_clust,1995,-0.450816132347724,-0.05471960663644322,0.16953316876234795,0.4734961894519327,0.26659991301841424,-0.41877733684245383,-0.9118920641696372,-0.5062753091789316,-0.7192675512201899,-0.1679117645969057,-0.3055274514155648,-0.0896914708004625,-0.0012751257557816087,0.43065207657142546,0.35517468112054396,0.10716699127358974,-0.3603351308457136,-0.5399010295797535,-0.9530534637235274,-0.7493210906386235,-0.6974225625048233,0.41847654251805155,0.8629504579924191,0.9695756681620069
colosso_clust,1996,0.8070873348816513,0.35709505513450035,0.5944539975408314,-0.24885237583161174,0.054007475941434235,-0.216105707793876,-0.351404174076262,-0.527560782745191,-0.5876304891730584,-0.8951420456606397,-0.9326591659000191,-1.0737631967939776,-0.450816132347724,-0.05471960663644322,0.16953316876234795,0.4734961894519327,0.26659991301841424,-0.41877733684245383,-0.9118920641696372,-0.5062753091789316,-0.7192675512201899,-0.1679117645969057,-0.3055274514155648,-0.0896914708004625
colosso_clust,1997,-0.835566535018707,0.17964328403895866,0.4983376974078739,1.132286915481513,0.5918417134196474,0.3554219152030525,-0.5511459510991521,-0.31989381869477396,-0.3081207429765196,0.17007167400719178,0.443130803400466,0.323477339935582,0.8070873348816513,0.35709505513450035,0.5944539975408314,-0.24885237583161174,0.054007475941434235,-0.216105707793876,-0.351404174076262,-0.527560782745191,-0.5876304891730584,-0.8951420456606397,-0.9326591659000191,-1.0737631967939776
colosso_clust,1998,-0.5439574879727033,-0.9392227935839245,-1.1160267508241126,-1.5535135647658762,-1.9208621691926315,-2.492439550994261,-1.3665459132411109,-1.1809782693825528,-0.028236502583467372,-0.0036714093967816076,0.07448838929343378,-0.8491738443825328,-0.835566535018707,0.17964328403895866,0.4983376974078739,1.132286915481513,0.5918417134196474,0.3554219152030525,-0.5511459510991521,-0.31989381869477396,-0.3081207429765196,0.17007167400719178,0.443130803400466,0.323477339935582
colosso_clust,1999,-0.09015731414546486,0.14851129660772985,0.4666122603475983,0.4536238826014731,-0.23796351153436057,-0.005588909577991081,-0.3415393617378536,-0.5655317500970697,-1.7879363397767796,-1.9996568884454702,-1.694030699021645,-1.2334534328926816,-0.5439574879727033,-0.9392227935839245,-1.1160267508241126,-1.5535135647658762,-1.9208621691926315,-2.492439550994261,-1.3665459132411109,-1.1809782693825528,-0.028236502583467372,-0.0036714093967816076,0.07448838929343378,-0.8491738443825328
colosso_clust,2000,0.8239773556404499,0.5413887674632603,0.7942790689478899,1.55989307615983,1.2359677213668951,0.4587027818605405,0.5027806433252896,0.6896844921031458,0.6727633474710646,-0.21544171606172252,0.05026449658424762,-0.36648647314396254,-0.09015731414546486,0.14851129660772985,0.4666122603475983,0.4536238826014731,-0.23796351153436057,-0.005588909577991081,-0.3415393617378536,-0.5655317500970697,-1.7879363397767796,-1.9996568884454702,-1.694030699021645,-1.2334534328926816
colosso_clust,2001,0.3529660502536851,-0.371475542278842,-0.5621434517984553,-0.7740333468996542,1.7993887011330949e-4,0.20399875247020896,0.03643519239449508,-0.04670806725671828,-0.005755123128359673,0.6107339986178555,0.8518632437200864,1.1405795143720805,0.8239773556404499,0.5413887674632603,0.7942790689478899,1.55989307615983,1.2359677213668951,0.4587027818605405,0.5027806433252896,0.6896844921031458,0.6727633474710646,-0.21544171606172252,0.05026449658424762,-0.36648647314396254
colosso_clust,2002,-0.6070875450124199,-0.36872096929779785,-0.5679630248365551,-0.6669735312782527,0.23376200880026218,1.0449898191231046,0.1599125430777558,0.11552673732032183,-0.3188329717974077,0.10666929454308417,0.4376445282380135,0.0955009770852409,0.3529660502536851,-0.371475542278842,-0.5621434517984553,-0.7740333468996542,1.7993887011330949e-4,0.20399875247020896,0.03643519239449508,-0.04670806725671828,-0.005755123128359673,0.6107339986178555,0.8518632437200864,1.1405795143720805
colosso_clust,2003,-0.3988980682089089,0.8178697340708003,0.18488504025810149,-0.12873704817722656,-0.4966111672877881,0.7080848919430711,1.3516610534866424,1.4290883044236011,0.943100629377327,1.2170729742091764,0.5056033546249359,0.7092644701189212,-0.6070875450124199,-0.36872096929779785,-0.5679630248365551,-0.6669735312782527,0.23376200880026218,1.0449898191231046,0.1599125430777558,0.11552673732032183,-0.3188329717974077,0.10666929454308417,0.4376445282380135,0.0955009770852409
colosso_clust,2004,-0.6866535403899866,-0.557737110618559,0.5027466145828088,1.1238431289263149,1.3271292867440028,0.469089075919801,0.06703231134324264,0.24376783393746101,0.38280289107973103,-0.040708127846137074,-1.0155141027191297,-0.7005363005515854,-0.3988980682089089,0.8178697340708003,0.18488504025810149,-0.12873704817722656,-0.4966111672877881,0.7080848919430711,1.3516610534866424,1.4290883044236011,0.943100629377327,1.2170729742091764,0.5056033546249359,0.7092644701189212
colosso_clust,2005,-0.6784348568580799,-0.5047727171751912,-0.259176262623047,0.5616369195029312,0.3050667146439705,-0.2810204663467779,-0.06928932807963738,-0.7628777960298062,-0.16828373246698994,0.10941647872430883,0.48641896271625884,-0.3133814743655514,-0.6866535403899866,-0.557737110618559,0.5027466145828088,1.1238431289263149,1.3271292867440028,0.469089075919801,0.06703231134324264,0.24376783393746101,0.38280289107973103,-0.040708127846137074,-1.0155141027191297,-0.7005363005515854
colosso_clust,2006,0.7576171334698623,0.2743479251773466,-0.8653060324023444,-1.1325771725027831,-1.1207178390614598,-1.2663633085820512,-0.7602567583994656,-0.096462643931171,0.5049807658847683,0.8163423261641375,0.4419902481501333,0.02660774598137544,-0.6784348568580799,-0.5047727171751912,-0.259176262623047,0.5616369195029312,0.3050667146439705,-0.2810204663467779,-0.06928932807963738,-0.7628777960298062,-0.16828373246698994,0.10941647872430883,0.48641896271625884,-0.3133814743655514
colosso_clust,2007,0.25295747461918255,0.726393725907453,1.0569725506292098,0.16921756866276252,0.24622584163341085,0.6927311687857786,0.9080388320454859,0.9531678896986855,0.5039144302662211,0.3738391322774937,0.4150987713565276,1.004811280257949,0.7576171334698623,0.2743479251773466,-0.8653060324023444,-1.1325771725027831,-1.1207178390614598,-1.2663633085820512,-0.7602567583994656,-0.096462643931171,0.5049807658847683,0.8163423261641375,0.4419902481501333,0.02660774598137544
colosso_clust,2008,1.2352132314918525,0.6891794820106196,0.7692134526605959,1.4108632799832304,1.9300864001134501,1.7337580139771636,0.9324931551756315,0.4870166879975887,0.5275202643725735,-0.27413576692574276,-0.9246224357719813,-Inf,0.25295747461918255,0.726393725907453,1.0569725506292098,0.16921756866276252,0.24622584163341085,0.6927311687857786,0.9080388320454859,0.9531678896986855,0.5039144302662211,0.3738391322774937,0.4150987713565276,1.004811280257949
colosso_clust,2009,1.7789503241187847,0.879286993225285,0.7940738561564801,0.601399518418857,0.6229173366975107,1.3191411517257752,1.3636706618152055,1.371963983736216,1.2517435421347722,1.4289536137221055,1.537885128815871,1.5899248154861438,1.2352132314918525,0.6891794820106196,0.7692134526605959,1.4108632799832304,1.9300864001134501,1.7337580139771636,0.9324931551756315,0.4870166879975887,0.5275202643725735,-0.27413576692574276,-0.9246224357719813,-Inf
colosso_clust,2010,-1.2770791297411308,-1.9547893512906758,-2.002767145866664,-1.75753914238279,-1.6095975761448982,-0.4031357897096031,0.2674985262477004,0.531322912385922,0.8779480143337757,1.45620133391752,2.002885596614165,1.8921572220583105,1.7789503241187847,0.879286993225285,0.7940738561564801,0.601399518418857,0.6229173366975107,1.3191411517257752,1.3636706618152055,1.371963983736216,1.2517435421347722,1.4289536137221055,1.537885128815871,1.5899248154861438
dimona,1987,NA,NA,NA,NA,NA,NA,NA,NA,NA,NA,NA,NA,NA,NA,NA,NA,NA,NA,NA,NA,NA,NA,NA,NA
dimona,1988,-1.0372552835303057,-1.6502359649355471,NA,NA,NA,NA,NA,NA,NA,NA,NA,NA,NA,NA,NA,NA,NA,NA,NA,NA,NA,NA,NA,NA
dimona,1989,1.0829049272732119,1.3765420434318696,1.0063724096224373,-0.22257980136724223,-0.48326784627605623,0.22809305320179077,1.5350540823975907,1.192298905142418,0.3415666213643571,-0.3581032683573202,-0.26345848804188277,-0.14904102411478867,-1.0372552835303057,-1.6502359649355471,NA,NA,NA,NA,NA,NA,NA,NA,NA,NA
dimona,1990,-0.15186022708101513,0.1560279598899502,0.16705345077337605,-0.20290502720131698,-0.4964043558705629,0.032265759698545976,1.2808742863734792,1.2610817236267577,1.1445480111760078,0.5181219446882903,0.06486716835401718,0.9143627741776705,1.0829049272732119,1.3765420434318696,1.0063724096224373,-0.22257980136724223,-0.48326784627605623,0.22809305320179077,1.5350540823975907,1.192298905142418,0.3415666213643571,-0.3581032683573202,-0.26345848804188277,-0.14904102411478867
dimona,1991,0.9615570783894569,0.3038794975075566,-0.6426103653709598,-1.322241673072445,-0.5534424403709843,-0.5181618926775818,-0.6356724755805331,-0.7350946024390583,-0.12257912591001204,0.0698301604453686,0.08743132906290219,-0.5467941751420012,-0.15186022708101513,0.1560279598899502,0.16705345077337605,-0.20290502720131698,-0.4964043558705629,0.032265759698545976,1.2808742863734792,1.2610817236267577,1.1445480111760078,0.5181219446882903,0.06486716835401718,0.9143627741776705
dimona,1992,-1.8437621120327483,-1.4465969008017743,-1.6119622405963927,-0.1536908262318551,0.619828514529764,0.9839925036932927,0.7609604950209788,0.41075950269639194,0.9712906942667888,0.4311655226341974,0.9535766775192339,0.5172384051830711,0.9615570783894569,0.3038794975075566,-0.6426103653709598,-1.322241673072445,-0.5534424403709843,-0.5181618926775818,-0.6356724755805331,-0.7350946024390583,-0.12257912591001204,0.0698301604453686,0.08743132906290219,-0.5467941751420012
dimona,1993,0.7239857650038561,0.45330826511272576,0.06530674946059775,0.8008585720402397,0.5785640647254742,-0.38225664952594063,-1.7835987601133074,-1.720993758981142,-1.2321735536455252,-0.7399522456847135,-0.8642775931994038,-1.6152721049880372,-1.8437621120327483,-1.4465969008017743,-1.6119622405963927,-0.1536908262318551,0.619828514529764,0.9839925036932927,0.7609604950209788,0.41075950269639194,0.9712906942667888,0.4311655226341974,0.9535766775192339,0.5172384051830711
dimona,1994,-0.472495716741497,-0.7486829471423997,-0.6061548620088029,-0.27857049814141277,-0.5438002841171566,-0.7148715819804456,-1.1601932810985904,-0.8117383930648849,-0.5393677545422356,0.31347149822499343,0.879685471663999,1.0395691928077744,0.7239857650038561,0.45330826511272576,0.06530674946059775,0.8008585720402397,0.5785640647254742,-0.38225664952594063,-1.7835987601133074,-1.720993758981142,-1.2321735536455252,-0.7399522456847135,-0.8642775931994038,-1.6152721049880372
dimona,1995,1.3112801802325058,1.4984057797525039,1.6175549792526749,1.6407194819848245,1.5708770823274072,1.122814397537181,0.26668995260064066,0.21075598600435141,0.09770666694414507,-0.032474501891017325,0.052927865159664564,-0.39110799315189215,-0.472495716741497,-0.7486829471423997,-0.6061548620088029,-0.27857049814141277,-0.5438002841171566,-0.7148715819804456,-1.1601932810985904,-0.8117383930648849,-0.5393677545422356,0.31347149822499343,0.879685471663999,1.0395691928077744
dimona,1996,1.4178968254400377,1.045580324150603,0.9326528314489531,0.35046252945888323,0.6210406798015102,0.562596084653477,0.37700773670057086,0.2564646688533432,0.1276144681761908,-0.4123194954545491,-0.5295935788191944,0.5134079139400828,1.3112801802325058,1.4984057797525039,1.6175549792526749,1.6407194819848245,1.5708770823274072,1.122814397537181,0.26668995260064066,0.21075598600435141,0.09770666694414507,-0.032474501891017325,0.052927865159664564,-0.39110799315189215
dimona,1997,-0.8183858799831252,-0.32492295153760353,0.05912317066981042,0.77979313879241,0.8401575651059942,1.0353845253555585,0.5973684604279149,1.0956738727996747,1.2869065917116274,1.4821957770722045,1.3299938305615704,1.412369695871048,1.4178968254400377,1.045580324150603,0.9326528314489531,0.35046252945888323,0.6210406798015102,0.562596084653477,0.37700773670057086,0.2564646688533432,0.1276144681761908,-0.4123194954545491,-0.5295935788191944,0.5134079139400828
dimona,1998,-0.0814557757942829,-0.3993626688495501,-1.0371121313071543,-1.8995498936956354,-1.8558876517724092,-1.5940467731600796,-0.4470017894440376,-0.1239214040697122,0.6320303708391648,0.79738954412252006,0.680814504667344,-0.170634191911727,-0.8183858799831252,-0.32492295153760353,0.05912317066981042,0.77979313879241,0.8401575651059942,1.0353845253555585,0.5973684604279149,1.0956738727996747,1.2869065917116274,1.4821957770722045,1.3299938305615704,1.412369695871048
dimona,1999,0.049806291603393726,0.14544781505898496,0.4530066716463493,0.26152926704986373,5.493940071647399e-4,-0.2140151972373554,-0.5864271475364429,-0.6552005851447787,-1.6159242445075979,-1.4926128111801455,-1.433015306094051,-0.8624367678848224,-0.0814557757942829,-0.3993626688495501,-1.0371121313071543,-1.8995498936956354,-1.8558876517724092,-1.5940467731600796,-0.4470017894440376,-0.1239214040697122,0.6320303708391648,0.79738954412252006,0.680814504667344,-0.170634191911727
dimona,2000,-0.5359304187659487,-0.4621964422059212,0.4011306275752768,1.076261677019398,1.0546427337798654,0.08111392007825224,0.14217802320924716,1.084769271885913,0.8876265970588824,0.45801686939848124,-0.519442708361804,-0.4939573834372527,0.049806291603393726,0.14544781505898496,0.4530066716463493,0.26152926704986373,5.493940071647399e-4,-0.2140151972373554,-0.5864271475364429,-0.6552005851447787,-1.6159242445075979,-1.4926128111801455,-1.433015306094051,-0.8624367678848224
dimona,2001,-0.16331202866521888,-0.6671429564513545,-0.41647222703113407,-0.22858554651963306,0.17838679093005638,0.19059059628121458,0.023089773898570375,-0.49549429932134004,-0.11583018338632861,0.4899080898522408,0.7857428002675079,0.0055968132942509,-0.5359304187659487,-0.4621964422059212,0.4011306275752768,1.076261677019398,1.0546427337798654,0.08111392007825224,0.14217802320924716,1.084769271885913,0.8876265970588824,0.45801686939848124,-0.519442708361804,-0.4939573834372527
dimona,2002,-0.7162709077773692,-0.4204943766155817,-0.5836443363199662,-0.759535677884754,-0.9202696907065311,0.6234572339974901,0.12295380630237808,0.2773236013438601,-0.18064672021408512,-0.009995125294810982,0.37275052219079136,-0.40291101994641365,-0.16331202866521888,-0.6671429564513545,-0.41647222703113407,-0.22858554651963306,0.17838679093005638,0.19059059628121458,0.023089773898570375,-0.49549429932134004,-0.11583018338632861,0.4899080898522408,0.7857428002675079,0.0055968132942509
dimona,2003,-0.6378481656408551,0.396647192028274,-0.3371492950571856,-0.32919540233160877,-0.8283166263398036,-0.2632456043332934,0.18509864576022975,0.6607175393111009,0.713161841160109,0.92831429727033,0.26452226028540526,-0.22580105821456647,-0.7162709077773692,-0.4204943766155817,-0.5836443363199662,-0.759535677884754,-0.9202696907065311,0.6234572339974901,0.12295380630237808,0.2773236013438601,-0.18064672021408512,-0.009995125294810982,0.37275052219079136,-0.40291101994641365
dimona,2004,-1.170585471748974,-0.945781802267647,-0.36613306011081553,-0.22994333729175256,-0.04175272436415358,-1.3142129982358957,-0.5465562153857527,-0.9518945551593596,-1.0788293441583825,-1.8376535495840962,-2.1031377209802704,-1.4087229699392518,-0.6378481656408551,0.396647192028274,-0.3371492950571856,-0.32919540233160877,-0.8283166263398036,-0.2632456043332934,0.18509864576022975,0.6607175393111009,0.713161841160109,0.92831429727033,0.26452226028540526,-0.22580105821456647
dimona,2005,-0.27905845351631264,-0.25234388592287277,-0.2524342683839025,0.39745428420007056,0.0627165251251601,-0.962096495289321,-0.833638303365126,-1.1377913026753337,-0.5941104232994932,-0.6776614860690544,-0.5045788821722926,-1.2016892480671826,-1.170585471748974,-0.945781802267647,-0.36613306011081553,-0.22994333729175256,-0.04175272436415358,-1.3142129982358957,-0.5465562153857527,-0.9518945551593596,-1.0788293441583825,-1.8376535495840962,-2.1031377209802704,-1.4087229699392518
dimona,2006,0.39272858191521537,0.10860904164149135,-0.5652061832446266,-1.0825001285448785,-0.8353584090603339,-1.1417819538105876,-1.2255805543829292,-1.0381413622878883,-0.32142849917380945,0.529950202642145,0.6322240199954712,0.4132502074626716,-0.27905845351631264,-0.25234388592287277,-0.2524342683839025,0.39745428420007056,0.0627165251251601,-0.962096495289321,-0.833638303365126,-1.1377913026753337,-0.5941104232994932,-0.6776614860690544,-0.5045788821722926,-1.2016892480671826
dimona,2007,0.9595025965568553,1.0402895285880158,1.1646143282560306,0.29166213575887934,0.31287654621545824,-0.03495475639143267,0.8628246444948605,0.18988070106607233,-0.40187402792159094,-0.3219585077323813,0.2039716467618127,0.8880671920353853,0.39272858191521537,0.10860904164149135,-0.5652061832446266,-1.0825001285448785,-0.8353584090603339,-1.1417819538105876,-1.2255805543829292,-1.0381413622878883,-0.32142849917380945,0.529950202642145,0.6322240199954712,0.4132502074626716
dimona,2008,0.6274054391871192,0.8581762975859148,0.6900051378625415,1.404109274711336,1.3815260476854254,0.9024685630541254,0.1157689349112561,0.31431519549566084,0.7859675971223242,0.06157984521837959,-0.15295726192138295,-0.12309690804011596,0.9595025965568553,1.0402895285880158,1.1646143282560306,0.29166213575887934,0.31287654621545824,-0.03495475639143267,0.8628246444948605,0.18988070106607233,-0.40187402792159094,-0.3219585077323813,0.2039716467618127,0.8880671920353853
dimona,2009,1.423350768577046,1.4113130095919142,1.2462790079747645,0.9974122211083589,-0.1875656967279543,0.43474479964059776,0.14166738182829983,0.22071161361513467,-0.22484424917394502,-0.12456500523848518,-0.258528399406848,0.5817880337826887,0.6274054391871192,0.8581762975859148,0.6900051378625415,1.404109274711336,1.3815260476854254,0.9024685630541254,0.1157689349112561,0.31431519549566084,0.7859675971223242,0.06157984521837959,-0.15295726192138295,-0.12309690804011596
dimona,2010,-0.7449662501596271,-1.1326793645054258,-1.937027926449232,-1.3414932757205866,-1.2065546971750432,-0.171252462763285,-0.12412012016938381,-0.27643092118821067,-0.7284564297951333,-0.5832433965615376,0.5386759480503047,1.3834701003884076,1.423350768577046,1.4113130095919142,1.2462790079747645,0.9974122211083589,-0.1875656967279543,0.43474479964059776,0.14166738182829983,0.22071161361513467,-0.22484424917394502,-0.12456500523848518,-0.258528399406848,0.5817880337826887
km_clust,1987,NA,NA,NA,NA,NA,NA,NA,NA,NA,NA,NA,NA,NA,NA,NA,NA,NA,NA,NA,NA,NA,NA,NA,NA
km_clust,1988,-0.7608924053237949,-1.773741716723827,NA,NA,NA,NA,NA,NA,NA,NA,NA,NA,NA,NA,NA,NA,NA,NA,NA,NA,NA,NA,NA,NA
km_clust,1989,1.2561649962726553,1.639810227932345,1.5174174631177666,0.18141746396044744,-0.5046069477860561,0.5416690468490584,1.6428857940717996,0.9591617725928591,-0.3581729842602694,-0.5435031040710949,0.1296647731454073,0.7506354429093293,-0.7608924053237949,-1.773741716723827,NA,NA,NA,NA,NA,NA,NA,NA,NA,NA
km_clust,1990,0.6306749639533972,1.0996358636556696,0.6595725522416079,-0.4141379689385155,-0.9005533031690955,0.08438271560652869,1.6373527880416607,1.705558789644858,1.9196982837920336,0.9575959260256123,0.6661721752583484,0.6443524645435024,1.2561649962726553,1.639810227932345,1.5174174631177666,0.18141746396044744,-0.5046069477860561,0.5416690468490584,1.6428857940717996,0.9591617725928591,-0.3581729842602694,-0.5435031040710949,0.1296647731454073,0.7506354429093293
km_clust,1991,0.6127649694790328,0.15374283923981938,-0.849772158049567,-0.890561198805936,0.5499275058688694,0.822666861555168,0.6944060938376858,0.041151863210150276,0.023836762576077992,-0.15793897774952992,-0.2701401093515578,-0.08134481745315014,0.6306749639533972,1.0996358636556696,0.6595725522416079,-0.4141379689385155,-0.9005533031690955,0.08438271560652869,1.6373527880416607,1.705558789644858,1.9196982837920336,0.9575959260256123,0.6661721752583484,0.6443524645435024
km_clust,1992,-1.9087783726975391,-1.399099125695772,-0.9627454637216354,-0.08192496233413307,0.06116958714813231,-0.03914582012457624,0.2503422678596863,-0.09596979624736557,0.7693566968216231,0.07887009196361096,0.16236214923408038,0.20679645902613722,0.6127649694790328,0.15374283923981938,-0.849772158049567,-0.890561198805936,0.5499275058688694,0.822666861555168,0.6944060938376858,0.041151863210150276,0.023836762576077992,-0.15793897774952992,-0.2701401093515578,-0.08134481745315014
km_clust,1993,0.8017554776099541,0.2523970707733603,-0.8248352045202768,-0.11878862450960266,-0.20818360983256698,-0.9476409716204374,-2.2058545049956275,-2.378652471791783,-2.1131244700663903,-1.0722050705055626,-0.8085945153234051,-1.7338599942029356,-1.9087783726975391,-1.399099125695772,-0.9627454637216354,-0.08192496233413307,0.06116958714813231,-0.03914582012457624,0.2503422678596863,-0.09596979624736557,0.7693566968216231,0.07887009196361096,0.16236214923408038,0.20679645902613722
km_clust,1994,0.18468913153025296,0.43695747368059423,0.4797253591184094,0.7307897262662181,0.7276340790056244,0.06776660615776334,-0.5109493809293463,-0.0851389382885747,0.18127366337590667,0.7000543268938042,0.8989191568156915,1.1298252387330054,0.8017554776099541,0.2523970707733603,-0.8248352045202768,-0.11878862450960266,-0.20818360983256698,-0.9476409716204374,-2.2058545049956275,-2.378652471791783,-2.1131244700663903,-1.0722050705055626,-0.8085945153234051,-1.7338599942029356
km_clust,1995,-0.6861588986298198,-0.14049155684733391,-0.37381186095554214,0.3588682277887951,0.5272278138145541,0.6950660405272799,-0.26210204537060083,-0.4128831391715692,-0.8448339797648701,-0.24476558523412942,-0.18151265524620083,0.4190861264682563,0.18468913153025296,0.43695747368059423,0.4797253591184094,0.7307897262662181,0.7276340790056244,0.06776660615776334,-0.5109493809293463,-0.0851389382885747,0.18127366337590667,0.7000543268938042,0.8989191568156915,1.1298252387330054
km_clust,1996,0.6226155388006289,0.46181209357252606,0.5114759278687346,-0.7036141190876798,-1.0669321340960674,-1.0501140035975742,-0.40895476997220204,-0.29841863826463866,-0.45964678205855947,-1.3170305677039464,-1.5654274556726542,-1.461978504440144,-0.6861588986298198,-0.14049155684733391,-0.37381186095554214,0.3588682277887951,0.5272278138145541,0.6950660405272799,-0.26210204537060083,-0.4128831391715692,-0.8448339797648701,-0.24476558523412942,-0.18151265524620083,0.4190861264682563
km_clust,1997,-0.9766744477075664,0.21525924098610025,1.180712463972841,2.0606032413414623,1.0083831924173594,0.4744850708755696,-0.8054965605923091,-0.6273796666638084,-0.05965387821021118,0.550210072921697,0.811035128162516,0.10057989870571755,0.6226155388006289,0.46181209357252606,0.5114759278687346,-0.7036141190876798,-1.0669321340960674,-1.0501140035975742,-0.40895476997220204,-0.29841863826463866,-0.45964678205855947,-1.3170305677039464,-1.5654274556726542,-1.461978504440144
km_clust,1998,0.32458014921024986,-0.9456932794148174,-1.3919252759537162,-2.0863762932886365,-1.8029716017652582,-2.206589305973713,-1.5382536445986081,-1.1764040168702887,0.3509898717136137,0.49921395394972345,0.41094042572807593,-0.8019834143224861,-0.9766744477075664,0.21525924098610025,1.180712463972841,2.0606032413414623,1.0083831924173594,0.4744850708755696,-0.8054965605923091,-0.6273796666638084,-0.05965387821021118,0.550210072921697,0.811035128162516,0.10057989870571755
km_clust,1999,-0.8614780196699487,-1.0487135170438835,-0.2441526530793398,-0.18949901900827498,-0.2656040119018032,-0.38805423133419886,-0.18569192001218623,-0.015869784541604873,-1.463675926737727,-1.8587810886994574,-1.1556704979707833,-0.4958799054786529,0.32458014921024986,-0.9456932794148174,-1.3919252759537162,-2.0863762932886365,-1.8029716017652582,-2.206589305973713,-1.5382536445986081,-1.1764040168702887,0.3509898717136137,0.49921395394972345,0.41094042572807593,-0.8019834143224861
km_clust,2000,0.41300432636423623,0.12079915229547203,0.11114114864433391,1.0738345366681434,1.1041417199045696,0.5600921596842943,0.4013763605038354,0.8080137041238369,-0.3013595732853107,-0.7894220581574829,-1.1189232107322642,-0.8781785868302932,-0.8614780196699487,-1.0487135170438835,-0.2441526530793398,-0.18949901900827498,-0.2656040119018032,-0.38805423133419886,-0.18569192001218623,-0.015869784541604873,-1.463675926737727,-1.8587810886994574,-1.1556704979707833,-0.4958799054786529
km_clust,2001,0.2992236650709851,-0.019319898555730165,0.38306201772885345,0.07579742411829588,0.5902868925468248,-0.1255769226756649,0.28108515051719407,0.16230582232567217,0.3100966474827141,0.4887195352595333,0.6361081340987549,0.9539890267561539,0.41300432636423623,0.12079915229547203,0.11114114864433391,1.0738345366681434,1.1041417199045696,0.5600921596842943,0.4013763605038354,0.8080137041238369,-0.3013595732853107,-0.7894220581574829,-1.1189232107322642,-0.8781785868302932
km_clust,2002,-1.19033430809047,-1.0122359338193911,-1.4979412564586292,-0.8914935226860441,-0.7853350005144825,9.226852170438428e-4,-0.5947768360008071,-0.7298007701598468,-1.1706775077016212,-0.9913983571890751,-0.3243503306704864,-0.34201633156802924,0.2992236650709851,-0.019319898555730165,0.38306201772885345,0.07579742411829588,0.5902868925468248,-0.1255769226756649,0.28108515051719407,0.16230582232567217,0.3100966474827141,0.4887195352595333,0.6361081340987549,0.9539890267561539
km_clust,2003,-0.8339795507260743,0.5259677916642701,-0.15503718612177764,-0.3729687275251006,-1.0345368563499715,-0.2139378911155159,0.7852079443921867,1.2496381624875477,0.3427559581033583,0.3773513073074605,-0.7042634047498706,-0.1595030525164137,-1.19033430809047,-1.0122359338193911,-1.4979412564586292,-0.8914935226860441,-0.7853350005144825,9.226852170438428e-4,-0.5947768360008071,-0.7298007701598468,-1.1706775077016212,-0.9913983571890751,-0.3243503306704864,-0.34201633156802924
km_clust,2004,-0.9154226588444654,-1.1455324105444074,0.3744759974671351,1.3463637662511283,1.8893701932138949,0.4887954658056973,-0.12706679457808662,-0.3896847213515213,-0.4725306009586613,-1.0537373662931484,-1.7136628807972845,-1.3247524382669096,-0.8339795507260743,0.5259677916642701,-0.15503718612177764,-0.3729687275251006,-1.0345368563499715,-0.2139378911155159,0.7852079443921867,1.2496381624875477,0.3427559581033583,0.3773513073074605,-0.7042634047498706,-0.1595030525164137
km_clust,2005,-0.9633982409197306,-0.7160814096836767,-0.4649598029744497,0.3080359045812176,0.8852022161321753,0.11463178895795081,0.29822163876810764,-0.7407866010853114,0.44133484388691113,0.38845380490108894,0.6907547726853942,-0.7702164921616824,-0.9154226588444654,-1.1455324105444074,0.3744759974671351,1.3463637662511283,1.8893701932138949,0.4887954658056973,-0.12706679457808662,-0.3896847213515213,-0.4725306009586613,-1.0537373662931484,-1.7136628807972845,-1.3247524382669096
km_clust,2006,0.4017657511609151,0.49095467222763034,-0.2791455199044502,-0.9881832225322174,-1.215316414186821,-1.546052069083743,-1.0304744655076032,-0.7674396574286053,0.7495860921409095,1.3444700581976832,1.0261649979816123,-0.023026081848251764,-0.9633982409197306,-0.7160814096836767,-0.4649598029744497,0.3080359045812176,0.8852022161321753,0.11463178895795081,0.29822163876810764,-0.7407866010853114,0.44133484388691113,0.38845380490108894,0.6907547726853942,-0.7702164921616824
km_clust,2007,1.1136833368266796,1.0638236635217664,1.3876939966751711,0.46799537280139186,-4.6249408246454434e-4,0.13466303428349827,0.1927102312415988,0.7141884466225498,0.2633682044725209,0.30322854639661395,-0.3583869637234164,0.28595514433760844,0.4017657511609151,0.49095467222763034,-0.2791455199044502,-0.9881832225322174,-1.215316414186821,-1.546052069083743,-1.0304744655076032,-0.7674396574286053,0.7495860921409095,1.3444700581976832,1.0261649979816123,-0.023026081848251764
km_clust,2008,0.7814688179652827,0.5001744090601277,0.5973987580712987,0.7920772924689576,0.3856431667097793,-0.38944184933427145,-0.350866058627883,0.51315830921424,1.053833248923526,0.11282204541845897,-0.1670963234981672,-0.25244637191235086,1.1136833368266796,1.0638236635217664,1.3876939966751711,0.46799537280139186,-4.6249408246454434e-4,0.13466303428349827,0.1927102312415988,0.7141884466225498,0.2633682044725209,0.30322854639661395,-0.3583869637234164,0.28595514433760844
km_clust,2009,1.9466098070596838,1.8705368165323333,1.304172085843961,0.6971553155262047,0.7712613906008173,1.7564563016142658,1.1948759737354293,0.8374556928187662,0.8376401489340264,1.4798392164605119,1.795129832661509,1.5100537860893628,0.7814688179652827,0.5001744090601277,0.5973987580712987,0.7920772924689576,0.3856431667097793,-0.38944184933427145,-0.350866058627883,0.51315830921424,1.053833248923526,0.11282204541845897,-0.1670963234981672,-0.25244637191235086
km_clust,2010,-0.11860309059672519,-0.4175040213526366,-1.6119904418112356,-1.5406541404197833,-1.4488631123562492,-0.8186243724475619,-0.054426394743912324,-0.45878247085549884,-0.20275177482190068,-0.1341804379331954,1.1466638314427309,1.6207629517288455,1.9466098070596838,1.8705368165323333,1.304172085843961,0.6971553155262047,0.7712613906008173,1.7564563016142658,1.1948759737354293,0.8374556928187662,0.8376401489340264,1.4798392164605119,1.795129832661509,1.5100537860893628
porto_alegre,1987,NA,NA,NA,NA,NA,NA,NA,NA,NA,NA,NA,NA,NA,NA,NA,NA,NA,NA,NA,NA,NA,NA,NA,NA
porto_alegre,1988,-0.241467286096547,-0.7005714310393941,NA,NA,NA,NA,NA,NA,NA,NA,NA,NA,NA,NA,NA,NA,NA,NA,NA,NA,NA,NA,NA,NA
porto_alegre,1989,1.3313614758043137,1.940127997472715,1.2943772127971283,0.5128189300924829,-0.14784579885667962,0.4870537810662994,1.1933624522673862,0.8899402584432572,0.13747117545915366,-0.24091318624895877,0.08779193446347419,0.5242785632925749,-0.241467286096547,-0.7005714310393941,NA,NA,NA,NA,NA,NA,NA,NA,NA,NA
porto_alegre,1990,0.4382227905977153,1.0766490156564201,1.0966718410678478,0.8246387479964163,0.021624527055704924,0.6769636810275969,1.8176418589087764,1.7853968627847854,1.4713702478440782,0.9774235898439014,0.6239626683230086,1.1437751118329371,1.3313614758043137,1.940127997472715,1.2943772127971283,0.5128189300924829,-0.14784579885667962,0.4870537810662994,1.1933624522673862,0.8899402584432572,0.13747117545915366,-0.24091318624895877,0.08779193446347419,0.5242785632925749
porto_alegre,1991,1.2102482214632595,0.9715242954814534,0.2793281755637387,0.1270291069359348,1.3172212554308458,1.3684766576152267,1.3415767597214088,1.4356400589545408,1.5668722382145561,1.439913723443298,0.9457607789868934,0.5094156267278827,0.4382227905977153,1.0766490156564201,1.0966718410678478,0.8246387479964163,0.021624527055704924,0.6769636810275969,1.8176418589087764,1.7853968627847854,1.4713702478440782,0.9774235898439014,0.6239626683230086,1.1437751118329371
porto_alegre,1992,-1.7943948757411898,-1.733101962614204,-1.135388071539924,-0.12355051346275153,0.4096103231098916,0.33288636802287236,0.2291520911217716,0.09315971206024957,0.5523868417173137,0.04652753215414205,0.11477268250478385,0.4655799374283611,1.2102482214632595,0.9715242954814534,0.2793281755637387,0.1270291069359348,1.3172212554308458,1.3684766576152267,1.3415767597214088,1.4356400589545408,1.5668722382145561,1.439913723443298,0.9457607789868934,0.5094156267278827
porto_alegre,1993,0.4788354931604816,-0.3317283426630239,-0.9122378186816652,-0.15468530279699189,0.021202947523734812,-0.9585110645819462,-2.3597275226944965,-2.2984359568064625,-1.1486986354881505,-0.3287833287317005,-0.35805952747447756,-1.2473663819226501,-1.7943948757411898,-1.733101962614204,-1.135388071539924,-0.12355051346275153,0.4096103231098916,0.33288636802287236,0.2291520911217716,0.09315971206024957,0.5523868417173137,0.04652753215414205,0.11477268250478385,0.4655799374283611
porto_alegre,1994,0.567594816609217,0.5633610142098872,0.5632724872439114,0.8231011568211289,0.20330352558890144,0.10955931914349704,-0.6807427528221046,-0.5034504915895848,-0.012418121708713582,0.6909465025577505,1.2475269528098196,1.0152426353443036,0.4788354931604816,-0.3317283426630239,-0.9122378186816652,-0.15468530279699189,0.021202947523734812,-0.9585110645819462,-2.3597275226944965,-2.2984359568064625,-1.1486986354881505,-0.3287833287317005,-0.35805952747447756,-1.2473663819226501
porto_alegre,1995,-0.5517900598595206,-0.41421687850042715,-0.18532056025508084,0.29231032594272444,0.48249732881815455,0.10799471854664314,-0.3840811546861338,-0.07358078407092623,-0.28670397026023403,-0.06549493034148969,0.1740791356518081,0.6098683926500189,0.567594816609217,0.5633610142098872,0.5632724872439114,0.8231011568211289,0.20330352558890144,0.10955931914349704,-0.6807427528221046,-0.5034504915895848,-0.012418121708713582,0.6909465025577505,1.2475269528098196,1.0152426353443036
porto_alegre,1996,0.38547666747920273,0.30989601090775515,0.022519272688031215,-0.8728652235623892,-0.7894227578455556,-0.8738135115452067,-0.8019518410457197,-0.8435395248719927,-1.1062770265352946,-1.388695547572796,-1.4409636505818475,-1.1511788728843972,-0.5517900598595206,-0.41421687850042715,-0.18532056025508084,0.29231032594272444,0.48249732881815455,0.10799471854664314,-0.3840811546861338,-0.07358078407092623,-0.28670397026023403,-0.06549493034148969,0.1740791356518081,0.6098683926500189
porto_alegre,1997,-0.5850592727260989,0.2625715562222348,0.7305813707966293,1.2196676172938363,0.42319518717059496,0.24972171107762162,-0.7051286576727593,-0.2833810870415784,0.4990355174606752,0.8708179772653631,0.5577002274370062,-0.03608619079837265,0.38547666747920273,0.30989601090775515,0.022519272688031215,-0.8728652235623892,-0.7894227578455556,-0.8738135115452067,-0.8019518410457197,-0.8435395248719927,-1.1062770265352946,-1.388695547572796,-1.4409636505818475,-1.1511788728843972
porto_alegre,1998,-0.23072879972505805,-0.7277652456422739,-1.1630991491418285,-1.5779924762740936,-1.5648457460305245,-1.3406043148504656,-0.16444554284365182,0.1197981134886851,0.5524504827482369,0.30332821351720063,0.2616460996473494,-0.11763117774789086,-0.5850592727260989,0.2625715562222348,0.7305813707966293,1.2196676172938363,0.42319518717059496,0.24972171107762162,-0.7051286576727593,-0.2833810870415784,0.4990355174606752,0.8708179772653631,0.5577002274370062,-0.03608619079837265
porto_alegre,1999,0.04061090901716212,0.3521467174410449,1.0961298199106313,0.8980033481924781,0.6137085814809656,0.7795027613902556,0.1656940431989992,-0.23600683206561127,-1.4348660262208444,-1.3941766205053336,-1.0946789570732862,-0.5583897090095918,-0.23072879972505805,-0.7277652456422739,-1.1630991491418285,-1.5779924762740936,-1.5648457460305245,-1.3406043148504656,-0.16444554284365182,0.1197981134886851,0.5524504827482369,0.30332821351720063,0.2616460996473494,-0.11763117774789086
porto_alegre,2000,1.0549566795835243,0.37305283385080756,0.8078958707135272,0.8759614498603243,0.17121415403996854,-0.35699327789961943,0.026525842255299758,0.6773193945356346,0.40809349445832144,-0.19378012434320152,-0.6194784651998096,-0.6575346202041452,0.04061090901716212,0.3521467174410449,1.0961298199106313,0.8980033481924781,0.6137085814809656,0.7795027613902556,0.1656940431989992,-0.23600683206561127,-1.4348660262208444,-1.3941766205053336,-1.0946789570732862,-0.5583897090095918
porto_alegre,2001,-0.14217938136635272,-0.8069193037018297,-0.4377785978485543,-0.45179675676202274,0.48492751739134343,0.5535514551640994,0.4580589528818565,0.3170789325878858,0.8991703820005978,1.292905935860367,1.6946002213609401,1.3794859668171529,1.0549566795835243,0.37305283385080756,0.8078958707135272,0.8759614498603243,0.17121415403996854,-0.35699327789961943,0.026525842255299758,0.6773193945356346,0.40809349445832144,-0.19378012434320152,-0.6194784651998096,-0.6575346202041452
porto_alegre,2002,-0.1375849949653347,0.5041804979320419,0.4531148435674375,0.0502288574874255,0.14187530836119222,0.5573324774903242,-0.035670060135615,-0.20638498499579352,-0.5818910025096988,-0.4041014693481473,0.07893303925837424,-0.5012135486999534,-0.14217938136635272,-0.8069193037018297,-0.4377785978485543,-0.45179675676202274,0.48492751739134343,0.5535514551640994,0.4580589528818565,0.3170789325878858,0.8991703820005978,1.292905935860367,1.6946002213609401,1.3794859668171529
porto_alegre,2003,-1.4186367562662083,-0.6271850632231543,-1.0100098538657378,-1.2149297846312888,-1.4832377295655956,-0.9039213847605194,0.04900016658734912,0.6954612731799363,0.3390014003719834,0.5470429624457389,-0.48895348795939936,0.17393851895163068,-0.1375849949653347,0.5041804979320419,0.4531148435674375,0.0502288574874255,0.14187530836119222,0.5573324774903242,-0.035670060135615,-0.20638498499579352,-0.5818910025096988,-0.4041014693481473,0.07893303925837424,-0.5012135486999534
porto_alegre,2004,-0.1976501901468678,0.3420837064435136,0.7446440437899882,0.22384909609116216,0.13352026280189658,-0.8595963952280361,-0.32592838717441525,-0.3835305791181354,-0.3829001103973532,-0.7952419449782309,-1.4683979818389605,-1.3425038395723277,-1.4186367562662083,-0.6271850632231543,-1.0100098538657378,-1.2149297846312888,-1.4832377295655956,-0.9039213847605194,0.04900016658734912,0.6954612731799363,0.3390014003719834,0.5470429624457389,-0.48895348795939936,0.17393851895163068
porto_alegre,2005,-0.9444236505693586,-0.3777172885211404,0.08926969420033623,0.7153723105540292,0.7094534424333188,0.020776826841798976,0.6152741642771945,0.13820305720332512,0.6326194272785385,0.1153841007385553,-0.22533622012615048,-0.5142607045188204,-0.1976501901468678,0.3420837064435136,0.7446440437899882,0.22384909609116216,0.13352026280189658,-0.8595963952280361,-0.32592838717441525,-0.3835305791181354,-0.3829001103973532,-0.7952419449782309,-1.4683979818389605,-1.3425038395723277
porto_alegre,2006,0.3418313067337006,0.5276743410967346,-0.5713101489586103,-0.897044395181797,-0.9238078538379261,-1.4661749894992753,-1.3549649900172032,-1.2181034522288794,-0.2607621883392992,0.07623751017625455,-0.016272884211335627,-0.5436597816701159,-0.9444236505693586,-0.3777172885211404,0.08926969420033623,0.7153723105540292,0.7094534424333188,0.020776826841798976,0.6152741642771945,0.13820305720332512,0.6326194272785385,0.1153841007385553,-0.22533622012615048,-0.5142607045188204
porto_alegre,2007,-0.5201774666263846,-0.5644407833253815,-0.43196598751693815,-0.6950890819166352,-0.28258629814951086,0.10736575404287509,0.47261841974418667,0.008216525727248031,-0.5093909688886737,-0.743892375311924,-0.607999945465578,0.2516412684368732,0.3418313067337006,0.5276743410967346,-0.5713101489586103,-0.897044395181797,-0.9238078538379261,-1.4661749894992753,-1.3549649900172032,-1.2181034522288794,-0.2607621883392992,0.07623751017625455,-0.016272884211335627,-0.5436597816701159
porto_alegre,2008,0.8681106680793902,0.5035866894372394,0.11893518251120717,1.374519871893622,1.821692512890326,1.5423862197371252,0.4401106065988695,0.21114459891428183,0.68763684138754,0.23628547864549435,-0.23222118092044677,-1.1030237779336451,-0.5201774666263846,-0.5644407833253815,-0.43196598751693815,-0.6950890819166352,-0.28258629814951086,0.10736575404287509,0.47261841974418667,0.008216525727248031,-0.5093909688886737,-0.743892375311924,-0.607999945465578,0.2516412684368732
porto_alegre,2009,0.947196981775815,0.24770951285083564,0.13484584975241698,-0.13425162579403518,-0.7043903987460978,0.027867690716491266,-0.12528332693729757,-0.33207087205305635,-0.6709508306618188,0.19220421887492473,1.0909507493098742,1.369937316284021,0.8681106680793902,0.5035866894372394,0.11893518251120717,1.374519871893622,1.821692512890326,1.5423862197371252,0.4401106065988695,0.21114459891428183,0.68763684138754,0.23628547864549435,-0.23222118092044677,-1.1030237779336451
porto_alegre,2010,-0.8059127540217198,-1.5190210121195664,-2.002511050564476,-1.965015999475475,-1.7304762326649619,-0.845613837124645,-0.2669438616297754,-0.46976972742009976,-1.123703872864344,-1.1614105127269359,0.28727149926958084,0.7027670891293037,0.947196981775815,0.24770951285083564,0.13484584975241698,-0.13425162579403518,-0.7043903987460978,0.027867690716491266,-0.12528332693729757,-0.33207087205305635,-0.6709508306618188,0.19220421887492473,1.0909507493098742,1.369937316284021
